title,upload_date,video_id,viewCount,likeCount,commentCount,durationMs
"ANIMAL:Ranvijay‚Äôs Entry Medley (Audio) Ranbir Kapoor |A.R. Rahman,Threeory Band |Sandeep |Bhushan K",2024-01-03T12:03:15Z,sIiAqqaEdaM,41344,1580,180,PT3M39S
"Le Aaunga (Remix) | SatyaPrem Ki Katha | Kartik Aaryan,Kiara Advani | Tanishk Bagchi | Dj Basque",2024-01-03T10:10:43Z,BiUh7tjZHws,49941,1967,182,PT3M37S
Narayan Mil Jayega (Lyrical): Jubin Nautiyal |Payal Dev |Manoj Muntashir Shukla|Kashan|Bhushan Kumar,2024-01-03T03:30:01Z,30YNd5fEGMo,156400,10674,778,PT5M1S
"ANIMAL: Papa Meri Jaan (Full Video) Ranbir Kapoor |Anil K,Rashmika M |Sandeep V|Sonu Nigam|Bhushan K",2024-01-02T13:00:11Z,dTZIa4BnpGE,725594,21333,1076,PT5M21S
Fighter | Hrithik Roshan & Deepika Grooving On #IshqJaisaKuch üòçüî•,2024-01-02T10:58:01Z,u6h5Nfm2Eak,294807,13111,89,PT31S
"Tujhe Bhula Diya (Video) | Bollytech Mix | By DJ Moody | Vishal-Sheykhar | Mohit Chauhan,Shruti",2024-01-02T09:30:05Z,7zMUgKljMic,75131,2316,298,PT6M38S
"Sahiba: Aditya Rikhari, Ankita Chhetri | #YTShorts",2024-01-01T11:30:12Z,L5nyPNlkixo,11620,814,164,PT24S
"Mohabbat Karne Wale (Lyrical): Tulsi Kumar,Sahaj Singh Chahal |Swapnil Tare |Mehdi Hassan |Bhushan K",2024-01-01T05:30:16Z,tmcIXxHAvn8,110741,2800,311,PT4M17S
"Starfish: Kya Humne Socha Tha (Lyrical Video) Khushalii Kumar,Ehan B|OAFF,Nikhil D'Souza,Tulsi Kumar",2023-12-31T11:30:08Z,65a6eydaBic,27479,509,148,PT3M31S
New Year Mashup 2023 - Dj Abhi India | Ultimate Dance Songs |Chaleya |Tere Pyaar Mein |Jedha Nasha,2023-12-31T07:30:09Z,udcHv17jnPw,211977,7102,328,PT5M33S
BOLLYWOOD NEW YEAR PARTY REMIX | NON-STOP | KEDROCK X SD STYLE | T-SERIES,2023-12-31T04:30:04Z,HAK5EstT5Dc,215717,5168,276,PT28M39S
"ANIMAL: Kashmir (Full Video) Ranbir Kapoor,Rashmika M | Sandeep V | Shreya G,Manan B | Bhushan K",2023-12-30T13:00:10Z,I5eSgUJ5jAw,1492952,16823,708,PT3M38S
"ANIMAL: Haiwaan (Full Video) | Ranbir Kapoor,Rashmika,Anil K,Bobby D | Sandeep | Ashim K |Bhushan K",2023-12-30T07:30:12Z,RIz96zpbeBI,1608213,37105,1043,PT2M42S
Non-Stop Bollywood Super Hit Party Songs | Jamal Kuddu | Chaleya | Bom Diggy Diggy | Lut Gaye | Suit,2023-12-29T16:22:23Z,CwtDasLG6dc,29590,1018,215,PT3H12M37S
"ANIMAL: Satranga (Full Video) Ranbir K,Rashmika|Sandeep|Arijit,Shreyas,Siddharth-Garima|Bhushan K",2023-12-29T13:00:12Z,zDknxGb00I4,2853036,42683,881,PT4M31S
"ANIMAL: Bhaavein Jaane Ya Na Jaane(Full Video) Ranbir K,Anil K,Shakti K|Bhupinder|Sandeep|Bhushan K",2023-12-29T10:30:08Z,WvxJIOi_BZE,510772,13215,571,PT2M5S
"BLUR (Behind The Scenes): Sachet Tandon, Parampara Tandon | Youngveer | Bhushan Kumar",2023-12-29T08:25:19Z,CrFR-lSeyb8,15226,270,47,PT2M34S
"Hi Papa: Pyara Laage (Full Video) Nani,Mrunal Thakur | Baby Kiara | Shouryuv | Hesham Abdul Wahab",2023-12-29T06:30:09Z,pOrotQlKls0,113093,4416,236,PT4M23S
"Sahiba (Full Audio) : Aditya Rikhari, Ankita Chhetri | T-Series",2023-12-29T05:30:01Z,ydk-JTPln9I,9675,295,50,PT3M11S
"ANIMAL:Pehle Bhi Main(Full Lyrical Video) | Ranbir Kapoor,Tripti D |Sandeep|Vishal M,Raj S|Bhushan K",2023-12-28T13:20:10Z,hpyH2nDJU9E,2873375,37939,1076,PT4M31S
"Hi Papa: Aye Khuda (Full Video) | Nani, Mrunal Thakur | Karthik | Hesham Abdul Wahab | Kausar Munir",2023-12-28T11:31:00Z,gPAl3PPcwKM,195306,4162,114,PT1M55S
"HI PAPA: Sheeshe Ki Gudiya (Full Video) Nani,Mrunal Thakur |Baby Kiara |Shouryuv |Hesham Abdul Wahab",2023-12-28T09:30:09Z,ZXpO0NlBsiI,121085,3456,224,PT4M45S
"FIGHTER: Ishq Jaisa Kuch (Audio) Hrithik Roshan, Deepika Padukone | Vishal-Sheykhar,Shilpa,Kumaar",2023-12-28T07:30:12Z,sE5ClC6_yQ8,333312,6024,206,PT2M50S
"ANIMAL: Marham (Pehle Bhi Main) (Audio) Ranbir Kapoor,Tripti Dimri |Sandeep|Vishal M,Raj S|Bhushan K",2023-12-28T05:30:11Z,tfXqapppgM8,347636,6443,212,PT1M54S
"Banda | Shah Rukh Khan | Rajkumar Hirani | Taapsee | Pritam,Diljit,Kumaar | #YTShorts",2023-12-28T04:27:41Z,a_2_QhK1Qmw,110687,5905,80,PT27S
"Waheguru ""Ik Onkar"" A Rendition by Ajay Bijli (Video) | Dunki | Sheykhar Ravjiani |  T-Series",2023-12-27T15:02:42Z,nwciERJDWls,10324307,3892,348,PT3M42S
"Latoo (Remix) | Ghajini | Aamir Khan, Jiah Khan | A.R. Rahman | Shreya Ghosal,Pravin | Dj Amit Shah",2023-12-27T14:30:07Z,nQmc1ReA5Zg,108275,3422,232,PT3M58S
"Hi Papa: Sun Liya (Full Video) Nani,Mrunal Thakur |Chinmayi,Anurag |Hesham Abdul Wahab |Kausar Munir",2023-12-27T12:30:15Z,E9x54cqmQ8U,49023,1328,95,PT1M9S
"Dunki Drop 7: Main Tera Rasta Dekhunga |Shah Rukh Khan |Rajkumar H |Taapsee |Pritam,Shadab,Altamash",2023-12-27T09:30:37Z,A4zZNS5mWao,1281574,49156,1633,PT1M30S
Laadla (Behind The Scenes): IKKA Feat. Monica Sharma | Sanjoy | Bhushan Kumar,2023-12-26T13:00:16Z,mLYNgJhJrOU,35082,964,191,PT2M5S
Rangaa Re | Fitoor | Katrina Kaif & Aditya Roy Kapur | Sunidhi Chauhan & Amit Trivedi | Lyrical,2024-01-03T13:30:12Z,YikiqAocBQQ,22985,760,47,PT4M32S
#Zaroorat #DuranMaibam #KaranSharma #DivyaKushwaha #BabliHaque #Meera #Shorts,2024-01-03T12:57:31Z,AaA1NJ7YsYk,22499,952,3,PT1M
#TereBina #KisiKaBhaiKisiKiJaan #SalmanKhan #SajidWajid #Shorts,2024-01-03T12:10:26Z,K-QXlyIjZ8g,52557,2057,17,PT1M
"Jazbaat - Full Video | Pippa | Ishaan & Mrunal Thakur | A. R. Rahman, Jubin Nautiyal, Shilpa Rao",2024-01-03T10:30:01Z,2xQ8P5udDNQ,27538,912,55,PT4M27S
"Tauba Tera Jalwa - Full Album | Jatin Khurana, Ameesha Patel, Angela Krislinzki, Rajesh Sharma",2024-01-03T10:00:14Z,KBc5BEogeJQ,6281,119,16,PT7M26S
"Dil Patiyala | Tauba Tera Jalwa | Ameesha Patel, Jatin K, Angela K | Farhad B, Priya P, Vikram M",2024-01-03T09:41:56Z,auVvuLQZTM8,34753,1862,100,PT2M49S
"Inna Sona - Sanchita Bashu | Amjad Nadeem Aamir , Deedar Kaur | Zee Music Originals | Love Song",2024-01-03T05:30:41Z,oi4xOqVfntM,702159,17616,1391,PT5M3S
#Bepanah #BharatiSangle #JubinShah #SandeepSingh #Shorts,2024-01-02T14:47:08Z,9yLq819Moh8,39162,1423,4,PT57S
#JoganTereIshqDi #TanyaSood #HarryAnand #KaranOberoi #Shorts,2024-01-02T14:04:49Z,qOeTkIWIXTk,34705,1433,12,PT1M1S
#Habibti #Honey3.0 #YoYoHoneySingh #ZeeMusicOriginals #Shorts,2024-01-02T13:26:41Z,w5uZv0R9C-0,67115,6473,93,PT36S
KALAASTAR | Honey 3.0 | Yo Yo Honey Singh & Sonakshi Sinha | Zee Music Originals | Lyrical Video,2024-01-02T12:00:49Z,wWvj3BkmXQo,80594,10371,479,PT3M41S
Ishq Hai Ranjhe Da | Tejas | Kangana Ranaut | Osho Jain & Shashwat Sachdev | Kumaar | Full Audio,2024-01-02T11:19:50Z,NBgAqMa-yx4,7015,123,16,PT4M12S
Baatein - Lyrical | Ishqaa | Abhimanyu-Pragya,2024-01-02T10:30:16Z,XsfF0tMC3gE,4204,64,13,PT2M52S
"Humko Badhai | Karma Strikes | Amit Kumar Mishra, Yuvradnyee | Siddharth Slathia & Sanah Moidutty",2024-01-02T09:30:09Z,gb_iG85Tl3A,17117,494,41,PT3M1S
Tere Cute Chehre Pe | Aishwarya Pandit | Kausar Jamot | Lyrical,2024-01-02T05:33:13Z,1Ah8gx_DhFM,19305,589,66,PT3M7S
#ZiddiDil #MaryKom #PriyankaChopra #VishalDadlani #shorts,2024-01-01T14:30:16Z,V-yt-zhhWAw,77855,2793,14,PT49S
Habibti - Full Video | Honey 3.0 | Yo Yo Honey Singh | Zee Music Originals,2024-01-01T12:30:05Z,uek9IYnQrzs,7915704,532500,32521,PT3M54S
#SherAayaSher #GullyBoy #SiddhantChaturvedi #RanveerSingh #AliaBhatt #DIVINE #Shorts,2024-01-01T07:30:05Z,QPZbQZPDcYY,37463,1715,9,PT37S
#FirstClass #Kalank #VarunDhawan #KiaraAdvani #ArijitSingh #Pritam #AmitabhBhattacharya  #shorts,2024-01-01T05:30:22Z,yrxgAQyGzv8,50553,3081,15,PT53S
"Bollywood Workout Mix - Full Album | Dheeth, Apna Time Aayega, Tera Baap Aaya, Dhaakad & More",2024-01-01T05:30:06Z,glvqky3Ij8M,18851,682,38,PT1H10M17S
#ApnaTimeAayega #GullyBoy #RanveerSingh #AliaBhatt #DIVINE #DubSharma #RapSong #shorts,2024-01-01T04:30:03Z,DJfFGarWRkg,25900,1428,7,PT43S
#NamoNamo #Kedarnath #SushantSinghRajput #AmitTrivedi #LordShiva #ShivShankar #Devotional #shorts,2024-01-01T03:30:14Z,Pv7Ku5sntQA,58299,2670,30,PT55S
Namo Namo Lofi | Kedarnath | Sushant Rajput | Amit Trivedi | Amitabh B | DJ Raahul Pai & DJ Saquib,2024-01-01T02:30:10Z,C7rO81Ko1GI,57088,2408,108,PT4M23S
#KalaChashma #BaarBaarDekho #SidharthMalhotra #KatrinaKaif #PremHardeep #Badshah #NehaKakkar #shorts,2023-12-31T12:30:22Z,eVqQp8t0jTs,97157,2485,11,PT39S
#MainNiklaGaddiLeke #Gadar2 #SunnyDeol #AmeeshaPatel #Utkarsh #Mithoon #UditNarayan #AdityaN #shorts,2023-12-31T10:30:06Z,LAQF1a2lyH4,91909,3584,25,PT48S
#IWannaSeeYouDance #KhoGayeHumKahan #SiddhantChaturvedi #AnanyaPanday #AdarshG  #SachinJigar #Shorts,2023-12-31T10:30:00Z,-Nr-RlUKAUg,39592,1572,11,PT38S
#Thumkeshwari #Bhediya #ShraddhaKapoor #KritiSanon #VarunDhawan #SachinJigar #AmitabhB #shorts,2023-12-31T09:30:09Z,Yv_PTtA3tkM,88727,2908,16,PT51S
#Burjkhalifa #Laxmii #AkshayKumar #KiaraAdvani #NikhitaGandhi #Shashi #DjKhushi #shorts,2023-12-31T04:30:04Z,FP0e-wyf098,106784,3563,21,PT44S
#Makhna #Drive #SushantSinghRajput #JacquelineFernandez #TanishkBagchi #AseesKaur #Shorts,2023-12-30T12:30:42Z,b0RJ0OaOF4Y,71143,2865,42,PT1M1S
#MainParwaana #Pippa #Ishaan #ArijitSingh #ARRahman #Shellee #Shorts,2023-12-30T12:30:30Z,pgwNjvfCV2U,55000,2301,32,PT31S
BLACKPINK: A VR Encore ‚Äì Official Trailer,2023-12-19T22:00:04Z,qfTIbCXH68A,2100927,143798,5572,PT31S
BLACKPINK X Takashi Murakami,2023-12-09T07:30:17Z,GxUKJ2beNKw,942245,166736,3816,PT23S
Season‚Äôs Greetings: From HANK & ROS√â To You [2024] - Exclusive Video Preview,2023-12-06T07:00:03Z,98FoMM3ftlQ,1197820,198082,3043,PT24S
BLACKPINK - 'Kill This Love' M/V HITS 1.9 BILLION VIEWS,2023-12-04T01:30:45Z,oD8QEoA0bdY,1535730,215556,3746,PT21S
Season‚Äôs Greetings: From HANK & ROS√â To You [2024] Preview,2023-11-24T07:00:01Z,2V_GLwm0oK0,2076968,277226,9813,PT58S
BLACKPINK: A VR Encore ‚Äì Official Teaser,2023-11-15T22:00:10Z,gExhbUo61n0,2132512,204828,6690,PT17S
BLACKPINK - ‚ÄòB.P.M.‚Äô Last Roll,2023-10-20T09:00:04Z,6lw4Cbk1IzA,2831055,274683,16614,PT14M34S
BLACKPINK - ‚ÄòB.P.M.‚Äô Roll #33,2023-10-13T09:00:21Z,Yl_rmlS4u9s,1658535,147016,4809,PT13M6S
JENNIE - 'You & Me' Behind The Scenes,2023-10-13T04:00:36Z,q9lQG1shW6o,2243709,214799,5740,PT2M44S
JENNIE - ‚ÄòYou & Me (Jazz ver.)‚Äô LIVE CLIP HIGHLIGHT CLIP,2023-10-11T04:30:46Z,OCxrWKk-Jbw,7641642,727011,10007,PT15S
JENNIE - ‚ÄòYou & Me (Jazz ver.)‚Äô LIVE CLIP,2023-10-11T04:00:28Z,ZgLlabyz7oY,8376742,716078,26387,PT2M31S
JENNIE - ‚ÄòYou & Me‚Äô [BORN PINK] WORLD TOUR STAGE MIX VIDEO HIGHLIGHT CLIP,2023-10-08T04:01:04Z,fLfPgF92c-g,14253256,1204498,8148,PT24S
JENNIE - ‚ÄòYou & Me‚Äô [BORN PINK] WORLD TOUR STAGE MIX VIDEO,2023-10-08T04:00:14Z,ZSc-zcWl2g8,6591608,466350,11794,PT3M6S
JENNIE - ‚ÄòYou & Me‚Äô DANCE PERFORMANCE VIDEO HIGHLIGHT CLIP,2023-10-07T04:00:18Z,jFJzCODStOQ,12447771,1234599,9531,PT22S
BLACKPINK - ‚ÄòB.P.M.‚Äô Roll #32,2023-10-06T09:00:31Z,TIbItS4-4bQ,1479919,137744,3524,PT10M17S
JENNIE - You & Me (Official Audio),2023-10-06T07:00:20Z,CpbJO2Z6DA4,5840505,349422,11521,PT3M
JENNIE - You & Me (Coachella ver.) (Official Audio),2023-10-06T07:00:06Z,3yILnlnIqyU,14247954,497790,12637,PT3M
JENNIE - ‚ÄòYou & Me‚Äô DANCE PERFORMANCE VIDEO,2023-10-06T04:00:20Z,eQNHDV7lKgE,102617038,3063998,194719,PT3M32S
JISOO - 'ÍΩÉ(FLOWER)' M/V HITS 400 MILLION VIEWS,2023-10-03T07:08:41Z,va6ituuGqQc,2754820,356097,4592,PT20S
BLACKPINK - ‚ÄòB.P.M.‚Äô Roll #31,2023-09-29T09:00:28Z,lEQVW6uRUz8,2569071,225793,7983,PT7M39S
BLACKPINK - 'How You Like That' DANCE PERFORMANCE VIDEO HITS 1.5 BILLION VIEWS,2023-09-26T13:25:58Z,G6yvzF1Wdt0,4658228,497996,5693,PT21S
BLACKPINK WORLD TOUR [BORN PINK] SEOUL FINALE HIGHLIGHT CLIP,2023-09-22T12:00:36Z,_nqUz_Y7zrs,4042322,340796,4416,PT52S
BLACKPINK - ‚ÄòB.P.M.‚Äô Roll #30,2023-09-22T09:00:00Z,-bamhqJtLp4,1861170,182842,6447,PT12M2S
LISA - 'MONEY' EXCLUSIVE PERFORMANCE VIDEO HITS 900 MILLION VIEWS,2023-09-18T23:00:14Z,Tn3l0OIU3m4,4729292,519757,5910,PT21S
BLACKPINK WORLD TOUR [BORN PINK] FINALE IN SEOUL D-1 VIDEO,2023-09-15T05:00:10Z,XO4uvysZMro,2802173,284166,6653,PT6S
BLACKPINK WORLD TOUR [BORN PINK] FINALE IN SEOUL D-2 VIDEO,2023-09-14T07:00:02Z,aj7DXBqPxJA,3243740,403651,5035,PT34S
BLACKPINK WORLD TOUR [BORN PINK] FINALE IN SEOUL SPOT VIDEO #2,2023-09-07T01:00:01Z,6apPVWaLdfU,1591705,161638,5960,PT46S
BLACKPINK WORLD TOUR [BORN PINK] LOS ANGELES ENCORE HIGHLIGHT CLIP,2023-09-01T12:00:03Z,aXFYl36d_es,1785494,229587,3652,PT51S
BLACKPINK WORLD TOUR [BORN PINK] FINALE IN SEOUL MESSAGE VIDEO (ENG ver.),2023-09-01T05:00:04Z,nfjBdDET_xY,1071585,110306,4646,PT35S
BLACKPINK WORLD TOUR [BORN PINK] FINALE IN SEOUL MESSAGE VIDEO (KOR ver.),2023-09-01T05:00:00Z,L-Gx8ry3i20,528128,72353,2506,PT47S
[nÏõîÏùò ÏÑùÏßÑ] Message from Jin : Jan 2024 üíå,2023-12-31T15:04:01Z,XQlJRwoaU_E,1508120,392619,19464,PT2M45S
Ï†ïÍµ≠ (Jung Kook) ‚Äò3D (feat. Jack Harlow)‚Äô Promotions Sketch,2023-12-28T10:00:02Z,wEc8lmprRQs,1378538,203204,5573,PT13M47S
'BTS Monuments: Beyond The Star' EP. 5 & 6 Preview,2023-12-28T01:00:02Z,FyWjSOfRj3c,535515,117291,2412,PT1M11S
[#ÏäàÏ∑®ÌÉÄ] ÎèôÍ∞ëÎÇ¥Í∏∞ #IU & #ÏäàÍ∞Ä Îã§Ïùå ÏΩúÎùºÎ≥¥ ÎãπÏû• ÏßÑÌñâÏãúÏºú‚ÄºÔ∏è - EP.24 #SUGA with #ÏïÑÏù¥Ïú†,2023-12-26T13:48:40Z,t3Sj_uBCoEo,458534,89284,1074,PT58S
[ÏäàÏ∑®ÌÉÄ] EP.24 SUGA with ÏïÑÏù¥Ïú†,2023-12-26T13:00:11Z,bCQR6VQWVkQ,3015850,258673,7410,PT43M51S
[EPISODE] j-hope @ Dick Clark‚Äôs New Year's Rockin' Eve 2023 - BTS (Î∞©ÌÉÑÏÜåÎÖÑÎã®),2023-12-26T11:00:04Z,9oqUwz0UWFg,773920,148636,5488,PT17M54S
[BANGTAN BOMB] Jimin‚Äôs #ThisIsJimin Behind - BTS (Î∞©ÌÉÑÏÜåÎÖÑÎã®),2023-12-23T11:00:01Z,2aSinq-1CNI,1719964,275291,8942,PT25M14S
'BTS Monuments: Beyond The Star' EP. 3 & 4 Preview,2023-12-21T01:00:02Z,bxgNWNR8zQU,882992,164231,3173,PT1M20S
#ThisIsJimin #StuckwithU #ÏßÄÎØº #Jimin,2023-12-20T14:45:03Z,Qtfiq25vlQw,718367,179333,4527,PT1M24S
#ThisIsJimin #ÏßÄÎØº #Jimin,2023-12-20T14:45:01Z,LLrBwQROFhM,1258074,282441,2891,PT31S
#ThisIsJimin #ÏßÄÎØº #Jimin,2023-12-20T14:45:01Z,R9NglILj6bk,1087290,319123,3429,PT34S
#ThisIsJimin Ïó¨..Ïó¨Î≥¥ÏÑ∏Ïöî?ü§£ #ÏßÄÎØº #Jimin,2023-12-20T14:45:00Z,7ORHb5kz45Y,1353329,317168,2482,PT35S
#ThisIsJimin Ï†ïÎßê ÎßéÏù¥ ÏÇ¨ÎûëÌï©ÎãàÎã§ Ïö∞Î¶¨ ÏïÑÎØ∏üíú #ÏßÄÎØº #Jimin #ÏûêÏ†ïÍ∞ÅüëÄ,2023-12-20T14:30:27Z,wgKH82cGKA4,1246122,277111,11017,PT1M7S
[ÏäàÏ∑®ÌÉÄ] EP.24 TEASER,2023-12-19T13:00:03Z,DimZTdzszhg,1174025,173419,6880,PT1M15S
'BTS Monuments: Beyond The Star' Character Trailer,2023-12-19T01:00:01Z,puPyRex0WwY,1055768,210895,5376,PT1M30S
üé¨ #StandingNextToYou Performance Video Behind the Scenes #Î∂ÄÏ†ú1Î∂Ñ1Ï¥àÎß§ÏàúÍ∞ÑÏûòÏÉùÍ∏¥Ï†ïÍµ≠ #Ïû•Íæ∏Ï†ÑÏ†ïÍµ≠ #Ï†ïÍµ≠ #JungKook,2023-12-15T06:00:24Z,Y8WfayEHmWw,1863181,372447,3139,PT55S
"Peace up‚úåÔ∏è, A-Town downüòé Usher IN DA HOUSE #ÎåÄÏö∞Ï£ºÌåùÏä§ÌÉÄÏñ¥ÏÖîÏï§ÎìúÏ†ïÍµ≠ #Ï†ïÍµ≠ #JungKook #StandingNextToYou",2023-12-15T05:45:08Z,nxMdl-i5xRk,1201392,232413,2127,PT51S
Jung Kook X Usherüî• POM-MI-CHUT-DAü§Ø #Ïñ¥ÏÖîÍ∞ÄÎßêÏïÑÏ£ºÎäîÏä§ÎÑ•Ïú†Ïñ¥Îñ§Îç∞ #Ï†ïÍµ≠ #JungKook #StandingNextToYou,2023-12-15T05:30:21Z,JZ4XKdcw5oc,5266289,707311,5660,PT46S
"Ï†ïÍµ≠ (Jung Kook), Usher ‚ÄòStanding Next to You - Usher Remix‚Äô Official Performance Video",2023-12-15T05:00:04Z,O1d2DYZZrek,13899445,1042404,39069,PT3M50S
Ï†ïÍµ≠ (Jung Kook) ‚ÄòSeven (feat. Latto)‚Äô Promotions Sketch,2023-12-14T10:00:01Z,9gjMza8CMvU,1315348,221700,5694,PT16M26S
‚ÄòBEYOND THE STAGE‚Äô BTS DOCUMENTARY PHOTOBOOK : THE DAY WE MEET Official Trailer,2023-12-13T15:00:03Z,7My1Odq1wrY,629157,161544,3426,PT50S
"[BANGTAN BOMB] RM, Jimin, V, Jung Kook‚Äôs Entrance Ceremony with BTS - BTS (Î∞©ÌÉÑÏÜåÎÖÑÎã®)",2023-12-13T10:00:03Z,_p8tLsvqFYg,4555318,703601,36168,PT3M45S
'BTS Monuments: Beyond The Star' D-7 #BTS_Monuments_BeyondTheStar #BTS_Î™®Îâ¥Î®ºÏ∏†_ÎπÑÏöòÎìúÎçîÏä§ÌÉÄ,2023-12-13T03:00:32Z,mmrLHfKyiQs,439688,138016,1722,PT15S
"Ï†ïÍµ≠ (Jung Kook), Usher ‚ÄòStanding Next to You - Usher Remix‚Äô Official Performance Video Teaser",2023-12-12T15:00:01Z,fBgs4BQNFCU,2433196,401802,10581,PT35S
Ï†ïÍµ≠ (Jung Kook) 'Hate You' @ iHeartRadio LIVE,2023-12-10T06:00:02Z,5koQ2v3HusI,1993115,285871,9532,PT2M38S
'BTS Monuments: Beyond The Star' Special Trailer,2023-12-08T12:59:58Z,eXUZ0hEtEFs,1112939,222953,5738,PT1M37S
[#ÏäàÏ∑®ÌÉÄ] Ïò§Îäò ÌïòÎ£®ÎèÑ ÌûòÎì§ÏóàÎã§Î©¥ ÏäàÏ∑®ÌÉÄÏôÄ Ìï®Íªò Í∑π-ÎΩÅ üôå - EP.23 #SUGA with #ÍπÄÎÇ®Í∏∏,2023-12-04T13:31:13Z,ZBJiH98uvPo,372747,79819,688,PT58S
[ÏäàÏ∑®ÌÉÄ] EP.23 SUGA with ÍπÄÎÇ®Í∏∏,2023-12-04T13:00:09Z,6QSdJM3wGSM,1055195,106435,3573,PT27M50S
[nÏõîÏùò ÏÑùÏßÑ] Message from Jin : Dec 2023 üíå,2023-12-04T09:12:59Z,108aIlqAAE8,1440441,371200,25291,PT3M12S
"[BANGTAN BOMB] Jimin‚Äôs Production Diary ""SPECIAL TALK with. Jimin"" Behind - BTS (Î∞©ÌÉÑÏÜåÎÖÑÎã®)",2023-11-30T11:00:02Z,0H40NNtSbPM,874116,162517,5426,PT10M
TWS (Ìà¨Ïñ¥Ïä§) FIRST TIME : 06 : HANJIN,2024-01-03T15:00:25Z,4-6YTELs17A,48932,8403,280,PT1M33S
TWS (Ìà¨Ïñ¥Ïä§) FIRST TIME : 05 : JIHOON,2024-01-03T15:00:22Z,gseTKZATbGQ,40780,8695,438,PT1M28S
TWS (Ìà¨Ïñ¥Ïä§) FIRST TIME : 04 : KYUNGMIN,2024-01-03T15:00:17Z,vzGHoYmd71E,33137,6880,171,PT1M27S
TWS (Ìà¨Ïñ¥Ïä§) FIRST TIME : 03 : YOUNGJAE,2024-01-03T15:00:12Z,N6p6sFrhVzU,56370,10438,231,PT1M37S
TWS (Ìà¨Ïñ¥Ïä§) FIRST TIME : 02 : SHINYU,2024-01-03T15:00:08Z,p7hQT_eXgus,60225,11144,389,PT1M7S
TWS (Ìà¨Ïñ¥Ïä§) FIRST TIME : 01 : DOHOON,2024-01-03T15:00:03Z,kS67hJ9pPCY,56569,10806,265,PT1M4S
TWS (Ìà¨Ïñ¥Ïä§) Prologue 'Oh Mymy : 7s',2024-01-02T09:00:05Z,AAW49YRjPBM,173905,26507,346,PT37S
TWS (Ìà¨Ïñ¥Ïä§) Prologue 'Oh Mymy : 7s',2024-01-02T09:00:01Z,YPg1sA0qNpo,1679838,114221,6447,PT6M2S
ÏßÄÎØº (Jimin) 'Closer Than This' Official MV,2023-12-22T05:00:02Z,zzKV_T9ybe8,10726139,1598984,122019,PT4M25S
TWS (Ìà¨Ïñ¥Ïä§) OFFICIAL LOGO MOTION,2023-12-20T15:00:01Z,0vcEJ-d-7Yw,398403,34895,4996,PT31S
HYBE T&D Stories | Part 05 We are T&D,2023-12-19T08:01:13Z,P4T0jqMDN8Y,332066,45600,978,PT4M24S
HYBE T&D Stories | Part 04 WE BELIEVE IN MUSIC,2023-12-19T08:00:54Z,EVI3_yxItaY,248234,25860,470,PT6M19S
HYBE T&D Stories | Part 03 Beyond Natural Talent,2023-12-19T08:00:34Z,RZe6z0fDnn4,298514,33106,607,PT5M15S
HYBE T&D Stories | Part 02 First time as a trainee,2023-12-19T08:00:19Z,LQJReonDiqo,306897,32584,561,PT5M18S
HYBE T&D Stories | Part 01 Farewell after debut,2023-12-19T08:00:01Z,71y2xhHOj98,722359,101424,2221,PT6M27S
NewJeans (Îâ¥ÏßÑÏä§) 20231219,2023-12-14T15:00:00Z,zIfUiwtCTtY,881673,85194,2371,PT26S
Ï†ïÍµ≠ (Jung Kook) 'Hate You' Official Visualizer,2023-12-09T05:00:02Z,tAcKfnf0zv4,13492353,1480740,51324,PT2M38S
Î∞±Ìò∏ (BAEKHO) ‚ÄòWhat are we (Feat. Î∞ïÏßÄÏõê of ÌîÑÎ°úÎØ∏Ïä§ÎÇòÏù∏)‚Äô Official Visualizer,2023-12-07T09:00:04Z,oCwgkBrRivI,146066,11729,624,PT3M3S
Î∞±Ìò∏ (BAEKHO) ‚ÄòWhat are we (Feat. Î∞ïÏßÄÏõê of ÌîÑÎ°úÎØ∏Ïä§ÎÇòÏù∏)‚Äô Mood Film,2023-12-03T15:00:20Z,S4qmOjQpA2U,66190,9830,101,PT39S
Î∞±Ìò∏ (BAEKHO) ‚ÄòWhat are we (Feat. Î∞ïÏßÄÏõê of ÌîÑÎ°úÎØ∏Ïä§ÎÇòÏù∏)‚Äô Mood Film,2023-12-03T15:00:04Z,VuPSGlFz1Xo,100771,8611,281,PT39S
ENHYPEN (ÏóîÌïòÏù¥Ìîà) 'Orange Flower (You Complete Me)' Official Track Video (Memories of youth),2023-12-03T14:00:01Z,iwBfCHvFzPU,972503,122355,3422,PT3M7S
&TEAM ‚ÄòDropkick‚Äô Official MV,2023-11-29T15:00:03Z,dZF8pPyqL9g,100802,15455,184,PT35S
&TEAM ‚ÄòDropkick‚Äô Official MV,2023-11-29T15:00:01Z,AWawgm20UBc,5970136,84330,6767,PT3M15S
&TEAM ‚ÄòDropkick‚Äô Official MV Teaser,2023-11-28T15:00:02Z,bo-VOm4xa0o,162572,21077,853,PT30S
DINO 'Wait' Official MV,2023-11-27T09:00:00Z,J--BukW5BfQ,2696446,329327,21854,PT2M43S
DINO 'Wait' Official Teaser 2,2023-11-23T15:00:05Z,WAHhilyRsYY,89730,17720,164,PT15S
DINO 'Wait' Official Teaser 2,2023-11-23T15:00:01Z,1G1mISM3STs,319013,50162,1655,PT15S
LE SSERAFIM (Î•¥ÏÑ∏ÎùºÌïå) 'Perfect Night (Holiday Remix)' Official Visualizer,2023-11-23T04:58:09Z,Uf4nGafC-zw,999844,56724,1484,PT2M43S
ENHYPEN (ÏóîÌïòÏù¥Ìîà) 'Sweet Venom (feat. Bella Poarch)' Official Visualizer,2023-11-22T15:00:05Z,tEOa4K0JYPY,457193,63946,1259,PT2M32S
DINO 'Wait' Official Teaser 1,2023-11-22T15:00:03Z,gNadj7NhNiw,116130,20115,275,PT27S
Drew House TOKYO #shorts,2022-11-21T16:29:07Z,z5AIMF1BjOE,1587825,38297,3325,PT42S
Justin Bieber X Free Fire - Beautiful Love (Free Fire) [Official Video],2022-09-18T13:00:18Z,_lpSCOZ1PCo,7601759,280767,11340,PT3M33S
"Justin Bieber, Don Toliver - The Making of 'Honest' (Vevo Footnotes)",2022-06-15T16:00:17Z,ZMH9AMwAk34,4379022,102978,4950,PT3M32S
#shorts,2022-05-31T17:54:49Z,-78y2WW4YDA,1432274,83964,1765,PT11S
"May 13, 2022",2022-05-13T16:28:59Z,UWrBS-4pSfM,1341392,54302,924,PT4S
Justin Bieber - Honest (feat. Don Toliver) (Official Lyric Video),2022-04-29T16:00:34Z,jur26nGiqOY,2599340,87783,3418,PT3M14S
Justin Bieber - Honest ft. Don Toliver,2022-04-29T04:00:17Z,n1khwOk5dN8,37323095,623998,27321,PT3M32S
"April 24, 2022",2022-04-24T17:17:21Z,Bv3LvcQjWlI,1236121,81427,1743,PT13S
Sometimes life slaps you in the face,2022-04-15T22:32:48Z,xVzJSUpp9L4,847665,50056,1414,PT6S
Come into my world üåé,2022-04-13T16:07:59Z,Zxxl386UQqo,589030,51001,1044,PT1M1S
"April 2, 2022",2022-04-03T01:46:36Z,aUqQghE4yKI,584681,52185,892,PT16S
"You're my rock, my Colorado",2022-03-25T17:09:59Z,DrsBNM6iqak,840063,71574,1232,PT38S
Justin Bieber - The Justice Tour Represents Equality for ALL,2022-03-09T21:45:07Z,5MQzBE-KJVY,1354913,71051,3051,PT3M24S
Justin Bieber & Omah Lay - Attention (Official Video),2022-03-04T05:00:19Z,kF4QRGQM2ig,10472168,342400,13249,PT3M8S
Justin Bieber - Only Thing I Ever Get For Christmas (Lyric Video),2021-12-15T21:00:20Z,QrV1I0L5rqQ,2712877,83193,2840,PT3M13S
Justin Bieber - Silent Night (Lyric Video),2021-12-15T17:00:40Z,qy-1tyX9_QU,1015384,44014,1826,PT2M50S
Justin Bieber - Christmas Eve (Lyric Video),2021-12-14T21:00:17Z,f5wl2uo8dGU,879161,42709,1816,PT3M48S
The Christmas Song (Chestnuts Roasting On An Open Fire) (Lyric Video),2021-12-14T20:00:05Z,5Vjxlwjs7vc,580647,22938,1146,PT3M36S
Justin Bieber - Drummer Boy (Lyric Video) ft. Busta Rhymes,2021-12-13T23:00:31Z,k8IlIC7lasU,924409,46083,1978,PT3M46S
Justin Bieber - Someday At Christmas,2021-12-13T20:00:09Z,NToPWDAjeVA,663122,49361,2206,PT2M57S
Justin Bieber - Home This Christmas (Lyric Video) ft. The Band Perry,2021-12-13T17:00:32Z,X1LVouBkBMY,575094,36651,1794,PT3M25S
Justin Bieber - Christmas Love,2021-12-12T17:00:13Z,d_xYl5hpiRs,9132230,336257,9012,PT3M33S
Justin Bieber - The Making Of 'Ghost' (Vevo Footnotes),2021-12-10T17:00:31Z,SuY0xJ1SsKg,698237,43157,2218,PT3M36S
Wave Presents: Justin Bieber - An Interactive Virtual Experience,2021-11-22T23:04:27Z,UAhGvhvcoyY,1400320,78152,3842,PT32M51S
#JusticeWorldTour - https://www.justinbiebermusic.com/tour,2021-11-22T18:10:08Z,Q7umFEPSHpU,1250086,86824,1400,PT16S
Justin Bieber and Michael D. Ratner: The Making of ‚ÄúOur World‚Äù - A Conversation with Jason Kennedy,2021-11-08T16:47:31Z,w3uYy67vuH4,710286,39657,2122,PT3M10S
The other night was crazy,2021-11-04T16:07:54Z,nh5b7cH8a5U,632462,56379,1296,PT16S
Justin Bieber - Rockin' Around The Christmas Tree (Audio),2021-10-29T04:00:18Z,RGVEGOMPCEw,1607136,83280,4989,PT2M13S
Justin Bieber - Ghost (Behind The Scenes),2021-10-18T17:01:13Z,vYnXM2hxVYc,1639853,99272,2960,PT3M7S
Justin Bieber - Ghost (Lyric Video),2021-10-14T16:00:20Z,pmYNY-rBh00,1487207,75795,3962,PT2M34S
Nazar Teri Toofan - Teaser | Merry Christmas | Katrina Kaif | Vijay Sethupathi | Pritam | Papon,2024-01-03T13:30:31Z,u5VPk3l86X0,22161,276,27,PT22S
Bollywood 90s Item Songs - Video Jukebox | Dance Songs | 90s Hits Hindi Songs | Item Songs Bollywood,2024-01-03T13:00:07Z,9oBrJgLnrvA,24402,359,14,PT1H50S
The moves in Latkaüî•üíÉ#hindisongs #zaarayesmin #siddharthnigam #tipsofficial #dance,2024-01-03T11:30:06Z,7kQfJrL0P8E,25078,741,4,PT19S
Hold tight for a riveting tale that‚Äôll keep you guessing at every turn! üòé#MerryChristmas,2024-01-03T10:31:03Z,qH-nNDlEPBs,8711,320,0,PT16S
Sridevi Prasanna -Teaser | Sai Tamhankar | Siddharth Chandekar | Vishal Modhave | Kumar Taurani,2024-01-03T06:00:00Z,065gceb3Tp0,13483,296,15,PT1M35S
Har Kisike Dil Mein Ek Ladki Ka Khayal Rehta Hai Song - Lyrical | Haan Maine Bhi Pyaar Kiya,2024-01-03T03:30:10Z,VFAnkjtGTcY,38975,383,26,PT5M55S
Only 10 days until you‚Äôre swept away! üò∂‚Äçüå´Ô∏è#MerryChristmas in cinemas on Jan 12üéÑ #katrinakaif,2024-01-02T13:30:10Z,RsBjvqwuiZI,12441,572,2,PT21S
Hits Of Ajay Devgn | 90's Bollywood Romantic Songs | Love Songs |  Video Jukebox | Hindi Hit Songs,2024-01-02T12:30:08Z,8NIWCMYVX34,78371,616,26,PT1H34M29S
Catch ‚ÄòNazar Teri Toofan‚Äô with us on the 4th of January! üé∂#MerryChristmas in cinemas on Jan 12üéÑ,2024-01-02T12:04:03Z,pjZi4_2vwAw,24659,515,5,PT21S
"Ek Raja Hai Ek Rani Hai - Lofi Mix | Ek Rishtaa | Amitabh, Raakhee | Mohd. Aziz, Anuradha Paudwal",2024-01-02T04:30:09Z,R8Ie2DPJQW4,66385,433,22,PT3M
90's Love Songs - Video Jukebox | 90's Hits Hindi Songs | Romantic Hindi Song | 90's Bollywood Songs,2024-01-01T12:30:06Z,D8dMC04Wf8I,78802,642,26,PT1H29M17S
"Tu Dharti Pe Chaahe Jahan Bhi Rahegi - Lyrical | Jeet | Karisma, Sunny Deol | 90's Love Song",2024-01-01T04:30:05Z,AALKBLDdxN4,140492,780,38,PT6M37S
Bollywood Party Mix | New Year Party 2024 | Party Songs Hindi | Non-Stop Hits | Video Jukebox,2023-12-31T12:30:26Z,tdcRrgVeXIU,180145,1160,34,PT1H10M33S
"Come along, we‚Äôll take you time travelling üß≥#MerryChristmas in cinemas on Jan 12 üéÑ#katrinakaif",2023-12-31T09:03:25Z,SZ1I5Nwtcu8,16879,562,4,PT16S
Meri Aawargi Meri Deewangi - Lyrical | Good Boy Bad Boy | Himesh Reshammiya | New Year Party Song,2023-12-31T03:30:15Z,W9CvMjqchIE,113609,711,30,PT3M45S
Saturday Night Party Playlist | Bollywood Party Mix 2024 | Dance Songs | Party Songs | Video Jukebox,2023-12-30T12:30:40Z,fLZ2m1XcLu4,125088,853,24,PT43M37S
They made their choice. You should too! Watch #MerryChristmas In Cinemas on Jan 12 #katrinakaif,2023-12-30T07:38:58Z,jDKUfDUXSkQ,21981,655,8,PT19S
We don‚Äôt plan out on missing anything! üéÖüèº‚ú®#MerryChristmas in cinemas on Jan 12 üéÑ#katrinakaif,2023-12-30T05:30:06Z,RQOXoDqhNXU,15706,572,4,PT16S
Party Songs | Katrina Kaif | Saif Ali Khan | Party Songs | Dance Hits | Hindi Romantic Songs | Race,2023-12-30T03:30:09Z,STCBOK-BeaU,127497,705,24,PT10M16S
Every frame speaks for itself #MerryChristmas in cinemas on Jan 12 #katrinakaif #vijaysethupati,2023-12-30T03:30:05Z,K1lWla2b8e8,12397,609,1,PT16S
#MerryChristmasTitleTrack ‚úÖ #MerryChristmas in cinemas on Jan 12 üéÑ#katrinakaif #vijaysethupati,2023-12-29T13:30:17Z,mR5eQTUOJDg,22389,817,7,PT19S
Bollywood Party Mix 2024 | Dance Songs | Party Songs Hindi | New Year Party Songs | Video Jukebox,2023-12-29T13:30:05Z,DASoX0e_gFE,222197,1550,25,PT56M13S
#HappyBirthdayTwinkleKhanna | 90's Love Songs | Hindi Songs | Humko Sirf Tumse Pyaar Hai,2023-12-29T12:54:56Z,X8ZO5r9eeD0,17860,400,28,PT1M51S
This mystery is magicalü§©#MerryChristmas|incinemas on Jan 12#katrinakaif #vijaysethupati#tipsofficial,2023-12-29T12:44:45Z,cKhxIImGtO0,19182,802,7,PT22S
Ishq Di Gali Vich No Entry | Lat Lag Gayee | Dhating Naach |Bollywood Party Mix |New Year Party 2024,2023-12-29T04:30:19Z,j63xIXQKTbk,119274,757,28,PT10M11S
Bobby Deol 90's Hits | Video Jukebox | Bollywood 90's Songs | 90's Love Songs | Songs Bollywood,2023-12-28T14:00:14Z,BAHEGRDiWpU,66897,526,36,PT1H3M4S
Get grooving #Latka is now available on @spotifyindia6110 #hindisongs #tipsofficial #zaarayesmin,2023-12-28T12:09:14Z,AFsK8yOOJI4,47602,1508,13,PT18S
When you Miss Her On Party Season | #hindisongs | Party Songs | 90's Hindi Hits,2023-12-28T11:42:11Z,FGUUTBadpws,12480,273,12,PT1M21S
Stream #MerryChristmasTitleTrack on your favorite OTT platform #hindisongs #bollywoodsongs#lovesongs,2023-12-28T11:08:31Z,-ievJwrKPNA,15688,710,5,PT21S
Mubarak Mubarak Yeh Shaadi Tumhari - Lofi Mix | Haan Maine Bhi Pyaar Kiya | Udit Narayan | Lofi Song,2023-12-28T04:30:10Z,ITClBYpEwQA,81225,570,32,PT3M41S
"Fancy, Ella es una fresa #harleyquinn #shorts #marshmello #fuerzaregida",2023-12-17T02:07:21Z,5OaYJP-PvhQ,63218,4264,81,PT22S
"Always feel the love in Asia, gotta stay longer next time #Japan #Thailand #Singapore #Shorts",2023-12-12T23:16:53Z,oJjFumQmJrs,86610,6909,189,PT33S
"HARLEY QUINN LIVE #marshmello #fuerzaregida ‚ÄúFancy, ella es una fresa‚Äù  #shorts #harleyquinn",2023-11-28T22:03:31Z,f-hjYgCrS7s,288898,16216,142,PT19S
Chile and Guatemala were incredible,2023-11-07T00:31:54Z,tVMyu9ovXMc,121892,8438,136,PT32S
"Marshmello, Polim√° Westcoast - Super High (Visualizer)",2023-11-03T04:00:37Z,whcPftPjunY,256724,6588,173,PT2M36S
"Marshmello, LiL CaKe, Brray - Tusi (Visualizer)",2023-11-03T04:00:37Z,y1FHnE9Cfoo,256685,7385,303,PT2M53S
"Marshmello, Anuel AA - Alcohol (Visualizer)",2023-11-03T04:00:29Z,p0PQbVnEKHw,1934648,69326,3622,PT2M54S
"Marshmello, Luisa Sonza - Sou Musa do Ver√£o (Visualizer)",2023-11-03T04:00:27Z,pQ6ZV_sg0sY,5578218,95789,2477,PT3M10S
"Marshmello, ChocQuibTown - D√≥nde Est√°n Que No Los Veo (Visualizer)",2023-11-03T04:00:16Z,VffuvOgx6mk,85222,3492,120,PT3M39S
"Marshmello, Nicky Jam - Say Woah! (Visualizer)",2023-11-03T04:00:10Z,HkcWGGvaFAc,104225,5081,123,PT2M20S
Oh and he‚Äôs on my new album Sugar Papi,2023-11-02T17:07:12Z,BHCl5fDE9qQ,111300,7308,75,PT28S
Dome Lipa approves ü§ù,2023-10-30T19:44:01Z,no6daf6ymQE,236120,12113,169,PT34S
Any guesses on features for Sugar Papi?,2023-10-26T20:57:18Z,P_ilEbQ1UOA,37542,2790,42,PT9S
"Marshmello, Manuel Turizo - El Merengue (Premios Billboard de la M√∫sica Latina 2023)",2023-10-25T16:00:36Z,denXJzWaLjU,238476,5205,213,PT3M58S
"Marshmello, P!NK, Sting - Dreaming (Official Audio)",2023-10-20T04:00:00Z,1rCi9lHwPLU,324897,9855,438,PT2M52S
this moment #silence,2023-10-17T19:54:09Z,HMjjmERA-NM,274963,22587,278,PT21S
"Marshmello, Dove Cameron - Other Boys (San Pacho Remix - Official Audio)",2023-10-13T04:00:40Z,zBdO-_rJDAI,85487,3769,196,PT2M38S
"Marshmello, Dove Cameron, Chapter & Verse - Other Boys (Chapter & Verse Remix - Audio)",2023-10-13T04:00:06Z,4VUY4YdPo-U,27589,1281,64,PT3M
"Marshmello, Dove Cameron, Guz - Other Boys (Guz Remix - Official Audio)",2023-10-13T04:00:06Z,BPDV6pLToZ4,24019,1448,77,PT2M45S
Snitches get stitches lol,2023-10-10T22:29:09Z,ZD2lqePKi8U,2179644,108750,738,PT13S
SUGAR PAPI NOV 3,2023-10-06T17:19:35Z,RvzMCzctApM,123744,5708,75,PT19S
Marshmallow Game Gone Wrong #shorts #marshmello,2023-10-03T23:22:11Z,P0uFdZC1jP8,135324,5527,64,PT15S
I don‚Äôt take requests often but when i do‚Ä¶ #shorts,2023-10-02T23:20:08Z,5BsEGen_viQ,194509,11309,132,PT20S
When she says there‚Äôs no other boys #shorts,2023-09-23T20:00:03Z,8hgieRAdd-o,124011,10647,184,PT17S
"Marshmello, Young Miko - Tempo (Official Lyric Video)",2023-09-13T15:00:02Z,3JiaOL_OXBs,372964,11353,321,PT1M49S
"Marshmello, Dove Cameron - Other Boys (Official Lyric Video)",2023-09-08T04:00:08Z,duDrXMiYmv4,1596631,56063,1196,PT2M21S
Anything for my fans! #shorts #marshmello,2023-08-31T20:25:32Z,75ZTRjMa5v4,277955,16363,246,PT26S
S√∫beme el tempoüì∏ #marshmello #youngmiko #photodump #shorts,2023-08-25T20:35:21Z,0GZv7WN6RVU,110916,7267,87,PT11S
How I Sampled Wolves w/ Selena Gomez For A New Beat #shorts #Wolves,2023-08-23T22:52:30Z,AAXcYoYYPq0,209818,14251,196,PT24S
"Marshmello, Young Miko - Tempo (Official Video)",2023-08-17T22:00:08Z,4JVxRDY_dGw,10404168,222854,2390,PT1M55S
Taylor Swift - You're Losing Me (From The Vault),2023-11-29T13:00:47Z,pQq9eP5OFhw,7336760,273011,15554,PT4M39S
"Rent on demand starting ‚Ä¶ you guessed it, December 13 ü´∂üíã",2023-11-27T20:21:45Z,zz9YgUoisOA,1053741,127397,7824,PT1M1S
‚ú®ü´∂ My name is Taylor and I was born in 1989 ü´∂‚ú®,2023-10-31T20:08:57Z,vaRGgiGfsw4,1198456,168951,5348,PT19S
Taylor Swift - Is It Over Now? (Taylor's Version) (From The Vault) (Lyric Video),2023-10-27T04:00:36Z,tNxUxm3-658,13931184,214902,6386,PT3M55S
Taylor Swift - Now That We Don't Talk (Taylor's Version) (From The Vault) (Lyric Video),2023-10-27T04:00:36Z,yF4ulRTCn44,9599478,169832,4976,PT2M32S
Taylor Swift - Wildest Dreams (Taylor's Version) (Lyric Video),2023-10-27T04:00:35Z,vtW_4j7SsZk,5735516,135130,2753,PT3M46S
Taylor Swift - Bad Blood (Taylor's Version) (Lyric Video),2023-10-27T04:00:34Z,lUvBk4owRNU,4627058,131936,3835,PT3M37S
Taylor Swift - How You Get The Girl (Taylor's Version) (Lyric Video),2023-10-27T04:00:34Z,rnwD7veCoFQ,2718029,79745,1694,PT4M13S
Taylor Swift - Out Of The Woods (Taylor's Version) (Lyric Video),2023-10-27T04:00:33Z,gp1MR2WAAXY,5202744,123330,3316,PT4M2S
Taylor Swift - Blank Space (Taylor's Version) (Lyric Video),2023-10-27T04:00:32Z,gir8BEqAutk,8672928,220480,5608,PT3M57S
Taylor Swift - Shake It Off (Taylor's Version) (Lyric Video),2023-10-27T04:00:32Z,mvVBuG4IOW4,4493046,128495,3783,PT3M45S
"Taylor Swift - ""Slut!"" (Taylor's Version) (From The Vault) (Lyric Video)",2023-10-27T04:00:30Z,qrxsceexTBw,5851093,163673,4239,PT3M6S
Taylor Swift - All You Had To Do Was Stay (Taylor's Version) (Lyric Video),2023-10-27T04:00:20Z,_Usd5X5XJXM,2967698,70120,1354,PT3M19S
Taylor Swift - Suburban Legends (Taylor's Version) (From The Vault) (Lyric Video),2023-10-27T04:00:19Z,ZGBPKYbzSXs,3313136,83269,2217,PT2M57S
Taylor Swift - Welcome To New York (Taylor's Version) (Lyric Video),2023-10-27T04:00:16Z,FsGdznlfE2U,6291514,146385,4116,PT3M38S
Taylor Swift - Clean (Taylor's Version) (Lyric Video),2023-10-27T04:00:10Z,AppsjTInqiw,4916407,129670,3336,PT4M37S
Taylor Swift - You Are In Love (Taylor's Version) (Lyric Video),2023-10-27T04:00:09Z,M7ySK0keirY,2751186,79203,2369,PT4M33S
Taylor Swift - Wonderland (Taylor's Version) (Lyric Video),2023-10-27T04:00:08Z,JhICcmiIE80,2883867,79368,1667,PT4M11S
Taylor Swift - Say Don't Go (Taylor's Version) (From The Vault) (Lyric Video),2023-10-27T04:00:06Z,C-z-IckrQK8,7465776,151540,4127,PT4M46S
Taylor Swift - I Wish You Would (Taylor's Version) (Lyric Video),2023-10-27T04:00:03Z,89aQIli8aVU,2303066,64593,1335,PT3M33S
Taylor Swift - Style (Taylor's Version) (Lyric Video),2023-10-27T04:00:02Z,2JgvVfOfoWI,11197802,274489,8644,PT3M56S
Taylor Swift - New Romantics (Taylor's Version) (Lyric Video),2023-10-27T04:00:01Z,3-BcH7KowGE,4094832,123318,4793,PT3M56S
Taylor Swift - I Know Places (Taylor's Version) (Lyric Video),2023-10-27T04:00:00Z,0jTGzm-6cYE,3103739,92642,2771,PT3M21S
Taylor Swift - Cruel Summer (Live from Taylor Swift | The Eras Tour),2023-10-19T00:30:25Z,xB-RZqcoIgo,3442433,229216,12236,PT3M55S
Taylor Swift - Cruel Summer (LP Giobbi Remix),2023-10-19T00:30:06Z,GBb8vC0DeXY,697435,58335,3850,PT3M19S
The Eras Tour concert film is now officially coming to theaters WORLDWIDE on Oct 13! ü©µ,2023-09-26T11:58:51Z,KzNLM4nmRak,1342153,154493,4998,PT31S
"Thank you for making these reveals so much chaotic fun (which is the best kind of fun, after all üòú)",2023-09-20T22:13:54Z,US0OipWyYro,858395,109883,2253,PT29S
TAYLOR SWIFT | THE ERAS TOUR Concert Film Official Trailer,2023-08-31T12:17:49Z,KudedLV0tP0,11559545,414300,19642,PT1M30S
Pre order 1989 (Taylor‚Äôs Version) now on my site ü©µüòéü©µ,2023-08-10T06:26:11Z,0FZULHCZKBc,1492416,156159,4578,PT16S
Summer forecast: Cruel. üòé,2023-07-21T18:56:15Z,okPrv0o_7GQ,2510046,231508,5075,PT26S
Eminem | Fortnite‚Äôs The Big Bang Event,2023-12-02T22:57:31Z,By7NMf3C7xk,880280,81536,1754,PT26S
Eminem Takes the Stage in Fortnite‚Äôs The Big Bang Event,2023-12-02T20:15:44Z,gmlKBsPCiUk,4564496,204812,10640,PT3M19S
Eminem - Don‚Äôt Front (feat. Buckshot) [Official Audio],2023-11-07T17:58:43Z,OUZoRT_T0Rg,2634376,159481,10257,PT4M45S
Discombobulated [Official Audio],2023-06-22T01:56:19Z,kzxnrgelES8,1853094,45197,2896,PT4M13S
Thus Far - Interlude [Official Audio],2023-06-22T01:55:46Z,4Rc1x2nww1U,544144,4873,167,PT17S
Zeus (feat. White Gold) [Official Audio],2023-06-22T01:55:16Z,ktEROM95JXo,2070604,32166,1340,PT3M51S
Killer [Official Audio],2023-06-22T01:54:41Z,ANzYzZOQOLk,878439,17916,685,PT3M15S
She Loves Me [Official Audio],2023-06-22T01:54:06Z,7o1bslaG4h0,745683,17324,604,PT3M25S
Key - Skit [Official Audio],2023-06-22T01:53:36Z,qPYx6QNENXo,433081,8447,441,PT58S
These Demons (feat. MAJ) [Official Audio],2023-06-22T01:52:58Z,kfERO0-jdtw,867501,20123,709,PT3M28S
Higher [Official Audio],2023-06-22T01:52:20Z,MXivkoMg_WE,910490,20812,702,PT3M43S
Gnat [Official Audio],2023-06-22T01:51:47Z,stqBp63EZ10,891077,20976,925,PT3M45S
Guns Blazing (feat. Dr Dre & Sly Pyper) [Official Audio],2023-06-22T01:51:14Z,jkhdzOK0JtQ,935633,20551,631,PT3M17S
Favorite Bitch (feat. Ty Dolla $ign) [Official Audio],2023-06-22T01:50:25Z,aaizv9m616c,1034546,22774,832,PT3M57S
Book of Rhymes (feat. DJ Premier) [Official Audio],2023-06-22T01:49:49Z,rHZSSzjZLBs,1668409,32997,1384,PT4M50S
Tone Deaf [Official Audio],2023-06-22T01:49:03Z,9yttueXMFs8,1453416,33414,1661,PT4M51S
Alfred's Theme [Official Audio],2023-06-22T00:01:52Z,Bq6T0a2o6Lw,1497453,39281,1985,PT5M40S
Black Magic (feat. Skylar Grey) [Official Audio],2023-06-21T23:59:57Z,ijZwWUo_be4,2703060,68442,2479,PT2M55S
Alfred - Intro [Official Audio],2023-06-21T23:57:36Z,xVpiQQsq44Y,2089646,26929,1385,PT18S
Eminem - Won't Back Down (Ft. P!nk) [Lyric Video] ft. P!nk,2022-09-12T16:00:13Z,NI4qHvsjz7I,8076130,264349,10945,PT4M26S
"Eminem, 50 Cent - Is This Love ('09) [Visualizer]",2022-09-06T16:00:31Z,Zl64MRAqQxk,7618202,284137,9401,PT3M34S
"Eminem, Snoop Dogg - From The D 2 The LBC (VMAs)",2022-09-05T18:48:18Z,cE2E6bj0Hg4,2199320,123797,5266,PT4M29S
Eminem - Rap God (Mr. Cii Remix) [Official Audio],2022-08-11T01:13:13Z,OiBSeGoc9FQ,2198481,100845,6011,PT6M17S
Eminem ft. 50 Cent - Is This Love (‚Äô09) [Official Audio],2022-08-11T01:12:24Z,qaba5mffrcw,2600684,103734,5117,PT3M33S
Eminem - Cinderella Man (Lyric Video),2022-08-10T16:00:41Z,vs-Bsqt5ooQ,7589611,278101,9086,PT4M39S
"Eminem, Dr. Dre, & 50 Cent - Crack A Bottle (Official Music Video)",2022-08-01T16:00:22Z,_wN3wl473M0,13822870,437199,15853,PT5M4S
Eminem & Snoop Dogg Interview | Forgotten Beach Scene,2022-07-25T15:28:04Z,7MO_hy5NyIw,2119643,188892,2357,PT51S
Eminem & Snoop Dogg - From The D 2 The LBC [Official Music Video],2022-06-24T04:00:15Z,RjrA-slMoZ4,91483345,2515579,99499,PT4M47S
"Eminem ft. CeeLo Green - ""The King And I""",2022-06-16T17:25:04Z,EksSDDte7EM,5128029,214831,15624,PT3M14S
Eminem - Replacement for White America,2022-01-28T19:21:21Z,hAafcgZkots,10,5029,108,PT5M57S
